{"cameraMode":{"drawMode":0,"name":"Shaded","section":"Shading Mode"},"sceneLighting":false,"audioPlay":false,"sceneViewState":{"m_AlwaysRefresh":false,"showFog":true,"showSkybox":false,"showFlares":true,"showImageEffects":true,"showParticleSystems":true,"showVisualEffectGraphs":true,"m_FxEnabled":true},"in2DMode":false,"pivot":{"x":-0.01512572169303894,"y":0.3219643533229828,"z":-0.036240413784980777},"rotation":{"x":-0.11709387600421906,"y":-0.40485766530036929,"z":0.052293408662080768,"w":-0.9055383801460266},"size":0.5976139307022095,"orthographic":false}