{"cameraMode":{"drawMode":0,"name":"Shaded","section":"Shading Mode"},"sceneLighting":false,"audioPlay":false,"sceneViewState":{"m_AlwaysRefresh":false,"showFog":true,"showSkybox":false,"showFlares":true,"showImageEffects":true,"showParticleSystems":true,"showVisualEffectGraphs":true,"m_FxEnabled":true},"in2DMode":false,"pivot":{"x":-0.05178236961364746,"y":2.995628595352173,"z":-0.5376553535461426},"rotation":{"x":0.004070923663675785,"y":-0.7235126495361328,"z":-0.004410196095705032,"w":-0.6905417442321777},"size":2.8017666339874269,"orthographic":false}