{"cameraMode":{"drawMode":0,"name":"Shaded","section":"Shading Mode"},"sceneLighting":true,"audioPlay":false,"sceneViewState":{"m_AlwaysRefresh":false,"showFog":true,"showSkybox":true,"showFlares":true,"showImageEffects":true,"showParticleSystems":true,"showVisualEffectGraphs":true,"m_FxEnabled":false},"in2DMode":false,"pivot":{"x":35.101688385009769,"y":6.220877170562744,"z":69.94869995117188},"rotation":{"x":0.0035715769045054914,"y":0.552340030670166,"z":-0.002368487883359194,"w":0.8336115479469299},"size":5.966152191162109,"orthographic":false}